Test_y,Test_pred_y
-0.33300800000000047,-0.5440045
-0.3383790000000007,-0.5252313
-0.33032200000000056,-0.5090505
-0.34106399999999903,-0.501425
-0.3383790000000007,-0.49576572
