Test_y,Test_pred_y
-0.33300800000000047,-2.8256476
-0.33300800000000047,-2.9315634
-0.34106399999999903,-3.0075736
-0.33300800000000047,-3.0709534
-0.3383790000000007,-3.0965817
-0.33032200000000056,-3.1121407
-0.34106399999999903,-3.133971
-0.3383790000000007,-3.1529553
